filename,category
30563572.pdf,HR
39970711.pdf,HR
44476983.pdf,HR
18155310.pdf,HR
23155093.pdf,HR
30646367.pdf,HR
16877897.pdf,HR
13879043.pdf,HR
26671167.pdf,CHEF
29149998.pdf,HR
28808263.pdf,HR
26202430.pdf,HR
17812897.pdf,HR
20417897.pdf,HR
14640322.pdf,HR
18334783.pdf,HR
93112113.pdf,HR
21265194.pdf,HR
25824789.pdf,HR
72231872.pdf,HR
16861758.pdf,HEALTHCARE
32977530.pdf,ACCOUNTANT
17855844.pdf,HR
11592605.pdf,HR
19616406.pdf,HR
16852973.pdf,HR
34740556.pdf,HR
27847081.pdf,HR
27523575.pdf,HR
52979663.pdf,HR
12786012.pdf,HR
73077810.pdf,HR
47470864.pdf,HR
32947778.pdf,HR
57667857.pdf,HR
24184357.pdf,HR
15576950.pdf,HR
27490876.pdf,HR
17150707.pdf,HR
24402267.pdf,HR
29297973.pdf,HR
13376919.pdf,HR
28828844.pdf,HR
19717385.pdf,HR
20806155.pdf,HR
17422560.pdf,HR
26780935.pdf,CHEF
15041689.pdf,HR
39650734.pdf,HR
30862904.pdf,HR
29564653.pdf,HR
25724495.pdf,HR
10399912.pdf,HR
26048718.pdf,HR
34554248.pdf,HR
27165830.pdf,HR
14256329.pdf,HR
32308556.pdf,HR
22323967.pdf,HR
15375009.pdf,HR
51769822.pdf,HR
33176873.pdf,HR
11480899.pdf,HR
25676643.pdf,HR
41523474.pdf,HR
28640735.pdf,HR
18316239.pdf,HR
20925036.pdf,HR
18297650.pdf,HR
17412079.pdf,HR
27018550.pdf,HR
18827609.pdf,HR
49937469.pdf,HR
39081840.pdf,HR
15575117.pdf,HEALTHCARE
25150191.pdf,HR
26289308.pdf,HR
18557164.pdf,HR
18731098.pdf,HR
87968870.pdf,HR
28419173.pdf,HR
59962788.pdf,HR
11847784.pdf,HR
23408537.pdf,HR
11763983.pdf,HR
19867922.pdf,HR
29091445.pdf,HR
10694288.pdf,HR
86184722.pdf,HR
11698189.pdf,HR
46258701.pdf,HR
91930382.pdf,HR
23914451.pdf,HR
18422164.pdf,HR
28175164.pdf,HR
18084150.pdf,HR
14886205.pdf,HR
30163002.pdf,HR
80162314.pdf,HR
21830565.pdf,HR
93002334.pdf,HR
23510685.pdf,HR
13520837.pdf,HR
14225422.pdf,HR
20993320.pdf,HR
32896934.pdf,HR
19179079.pdf,HR
27496514.pdf,HR
19336728.pdf,HR
24508725.pdf,HR
